,x
1,nachodav
2,modella
3,sandra965
4,martinkuchmangomez
5,micaela76
6,rosana55
7,rosario21
8,agustina_de_leon22
9,miguel353
10,vernica24
11,nadiagubi
12,ivn53
13,daviddipereira
14,ireneiturriberry
15,deadpine
16,silvina21
17,romimori
18,gregory309
19,cristian999
20,isabel491
21,arturo58
22,romi32
23,laurarodriguez2
24,vitorpacheco
25,mauricio_lorenzo
26,maria1012
27,daedmonte
28,maralopez
29,maritza59
30,grusinol
31,florlezama
32,valentinafrancotrecu
33,deborahrodriguez27
34,oriana_alvarez
35,rafaelka
36,gabor_simonsich
37,carolinaipar
38,roru_u1
39,nati_viera
40,romina47
41,el_canita_jr
42,urumanu
43,simon201
44,gabi_ds
45,sandralatorrecurbelo
46,estebanrussi
47,mnica31
48,alelic2016
49,susanagodoy
50,mariela150
51,javier_tiscornia
52,arcticopossum
53,alejandro879
54,soren42
55,arielpioli
56,manu_morales
57,el_piolin
58,malterwain
59,manuelflores2
60,natalia424
61,user1123
62,karina547
63,roxanaaguirre
64,agustinalonzo
65,sofa61
66,floragui
67,gorko
68,lamujerbambu
69,benjaayres
70,angie372
71,eduardo_fonseca
72,valentina369
73,mariana326
74,luciavandenberg
75,aleliaballone
76,lorena119
77,adrian667
78,natalia813
79,elistagno
80,ninarupa
81,antolin2
82,diegoruete
83,valentina_vilarino
84,agustina32
85,pabloalbarenga
86,asere
87,rafao
88,pablo421
89,beludominguez
90,pelotin21
91,nicolas926
92,gabrielaargenzio
93,sofia33
94,dafnerlz
95,mar_ina
96,laura3415
97,juliocarolina
98,marco-ferreira
99,danielfernandezarena
100,xcamioc
