,Experimentados,Intermedios,Principiantes
1,flo_grattarola,solanauy,sofi_rmrb
2,mirmeleon,guardianesdelacosta,javier_jablonka
3,msilvera,mdecampo,carlos123456
4,santiagomailhos,yasminhc,jubarbieri
5,mattzarrr,carabio_mag,abiplantas
6,acosta91,paulabaqueanos,luciana292
7,gmmv80,vickamorixe,ecoturismo
8,diego_caballero,mirgom,laly_dutra
9,pablobaldu,rafatosi,pablo746
10,martinserrano,elisamorelli,sofia766
11,,leila155,luismartin47
12,,aleduarte,mauricioberrutti
13,,cameronr,fedegua
14,,elena_26,gabopaladino
15,,santiago_owo,aurbeltz
16,,daviregeloa,mateo_pereira
17,,jumanbar,futuro2009
18,,saltito,alicemoore1
19,,marcelopereiramachin,vikpz
20,,rpereirag,victorsanchezmenza
21,,pequirippa,diegobattiste
22,,paulina_cerruti,lorenaperaza
23,,anainesgp,tamara374
24,,alforrulo,mariajlp
25,,amailhos,juan_silvera
26,,mauro148,manuretamosal3
27,,adriana_machado,hotel_centro
28,,vanesssa_v,alvarogonz
29,,joaco5,lucia_m_demarco
30,,gonzalorodriguez,falvarin
31,,martzz,nicolas932
32,,claudiagilgimenez02,claudiasimonster
33,,gabriel742,vero_ep
34,,sabrinaromero,fanoch
35,,sofiamgc,agusn
36,,mauro_rios1,laurillac
37,,joselinlistur,diehk
38,,sergio647,noelia
39,,andresferz,gloria353
40,,lagunagarzon,gracepuntacolorada
41,,,manuelblg
42,,,natliaalmeida
43,,,sylviataran
44,,,honeythemanokituwu
45,,,fefyh
46,,,ana_rodriguez1
47,,,vickygarcia
48,,,cristian999
49,,,aldo173
50,,,agustiniana
51,,,econelson
52,,,isafloress
53,,,valen24r
54,,,cavernauta
55,,,bernardo96
56,,,anaclara_teixeira
57,,,jose_marcelo_gonzalez_castillo
58,,,paulo368
59,,,ceciliapomboposente
60,,,anaclarafavre
61,,,belen_olivera
62,,,bruno712
63,,,julia_iturburu
64,,,andreameynet
65,,,claudio357
66,,,juanmelogni
67,,,rodrigomontiel
68,,,rafaelka
69,,,luana165
70,,,fernando_ipar
71,,,estebanrussi
72,,,nati_viera
73,,,guillermo_spano
74,,,rafael526
75,,,elenaarta
76,,,guzman_bpm
77,,,lucia394
78,,,anneliesedup
79,,,juan1581
80,,,ximena_camandulli
81,,,daniel3866
82,,,gusper
83,,,mauricio400
84,,,hesse96
85,,,floragui
86,,,brupaip
87,,,gregory309
88,,,diego_cavassa
89,,,camilaestramil
90,,,luccar511
91,,,guzman_fernando
92,,,pilarestellano
93,,,santiago505
94,,,rjmz
95,,,jual_bilu
96,,,martinogara
97,,,alcira8
98,,,shellis
99,,,mar174
100,,,jennigon
