Experimentados,Intermedios,Principiantes
pablobalud,evekrojmal,sergio710
martinserrano,luciabauer,chechy
santiagomailhos,dicastelli,maria2622
mattzarrr,yamandolivera,anaolcese
diego_caballero,gabriellaufer,solerche
flo_grattarola,melu13,nachobarragan
msilvera,bert_in_the_skirt,peladoloco
mirmeleon,liuid,guada2
gmmv80,laura_magallanes,mariela150
acosta91,batitu,fabio488
,gabriel_r13,marioloriz
,dhagopian,luciano115
,germangil,samberman
,luciano_patron,diego_silva2
,mateoalmada,marceloguzzini_guzzini
,leo_lagos,macacastineiras
,karinaviera,ignacio_kravich
,cruzravenheart,vera338
,lakshmana,moalbar
,anamartnezgoicoechea,pterzano
,belenchaine,vanessa1336
,carancho,luciavandenberg
,emilihano,facucs
,abelenc,juanmmartinez
,pablo_f,fede_rubio
,mathiasiglesias,daniloplak
,franli,myriam146
,jorgejuanrueda,nachm
,ornitoloca,florencia99
,oscar543,antonela_baccaro
,diegodamotta73,vitorrolflaube
,nicof47,gonzalo227
,intendencia_de_canelones,rubi52
,javierpiquillen,chumbo1
,magui_carabio,aavillegas
,rodrii_srivera,vesniqui
,luisvescia,mariajulianafajardo11a
,daniel_hp,yasmagallanes
,elizabeth1741,adm77
,,yoha_fer
,,renatadiaz
,,efpolcuch
,,r3o
,,alexbarnard
,,autumnsloth445
,,c_a_t_a_l_i_n_a
,,valentinalarrosa
,,sil46
,,catheryn
,,pablopay
,,b_ip97
,,daedmonte
,,stefan180
,,marcelo_colina
,,ramiro_pereyra
,,ant0nella
,,santiago707
,,ireneiturriberry
,,nachodav
,,enriquecenoz
,,snevares
,,https_lixmi
,,nikolai_b
,,leticiamorarussi
,,barkrav
,,mairasdel
,,laacolito
,,yamilaobando21
,,wilson198
,,maximilianolaitanoheper
,,susana_cremona
,,julioch
,,agabrielam
,,mauriciogrundel
,,stephen_wv
,,alfredoenviro
,,arideleon
,,romimori
,,elias2633
,,solepasqualina
,,maximiliano68
,,mariana844
,,anadla
,,braianvi
,,kathy73
,,fernando_doce_dupin
,,vanessa1335
,,smoghead
,,notandromeda
,,renatadiaz2121
,,noela3
,,franco_umpierrez
,,delfi19
,,ignacioberro
,,augusto118
,,escuela228
,,frankowietcz
,,graciela99
,,septiembreing
,,petegordon
