Experimentados,Intermedios,Principiantes
pablobalud,evekrojmal,sergio710
martinserrano,luciabauer,chechy
santiagomailhos,dicastelli,maria2622
mattzarrr,yamandolivera,anaolcese
diego_caballero,gabriellaufer,solerche
flo_grattarola,melu13,nachobarragan
msilvera,bert_in_the_skirt,peladoloco
mirmeleon,liuid,guada2
gmmv80,laura_magallanes,mariela150
acosta91,batitu,fabio488
,gabriel_r13,marioloriz
,dhagopian,luciano115
,germangil,samberman
,luciano_patron,diego_silva2
,mateoalmada,marceloguzzini_guzzini
,leo_lagos,macacastineiras
,karinaviera,ignacio_kravich
,cruzravenheart,vera338
,lakshmana,moalbar
,anamartnezgoicoechea,pterzano
,belenchaine,vanessa1336
,carancho,luciavandenberg
,emilihano,facucs
,abelenc,juanmmartinez
,pablo_f,fede_rubio
,mathiasiglesias,daniloplak
,franli,myriam146
,jorgejuanrueda,nachm
,ornitoloca,florencia99
,oscar543,antonela_baccaro
,diegodamotta73,vitorrolflaube
,nicof47,gonzalo227
,intendencia_de_canelones,rubi52
,javierpiquillen,chumbo1
,magui_carabio,aavillegas
,rodrii_srivera,vesniqui
,luisvescia,mariajulianafajardo11a
,daniel_hp,yasmagallanes
,elizabeth1741,adm77
,solanauy,yoha_fer
,guardianesdelacosta,renatadiaz
,mdecampo,efpolcuch
,yasminhc,r3o
,carabio_mag,alexbarnard
,paulabaqueanos,autumnsloth445
,vickamorixe,c_a_t_a_l_i_n_a
,mirgom,valentinalarrosa
,rafatosi,sil46
,elisamorelli,catheryn
,leila155,pablopay
,aleduarte,b_ip97
,cameronr,daedmonte
,elena_26,stefan180
,santiago_owo,marcelo_colina
,daviregeloa,ramiro_pereyra
,jumanbar,ant0nella
,saltito,santiago707
,marcelopereiramachin,ireneiturriberry
,rpereirag,nachodav
,pequirippa,enriquecenoz
,paulina_cerruti,snevares
,anainesgp,https_lixmi
,alforrulo,nikolai_b
,amailhos,leticiamorarussi
,mauro148,barkrav
,adriana_machado,mairasdel
,vanesssa_v,laacolito
,joaco5,yamilaobando21
,gonzalorodriguez,wilson198
,martzz,maximilianolaitanoheper
,claudiagilgimenez02,susana_cremona
,gabriel742,julioch
,sabrinaromero,agabrielam
,sofiamgc,mauriciogrundel
,mauro_rios1,stephen_wv
,joselinlistur,alfredoenviro
,sergio647,arideleon
,andresferz,romimori
,lagunagarzon,elias2633
,,solepasqualina
,,maximiliano68
,,mariana844
,,anadla
,,braianvi
,,kathy73
,,fernando_doce_dupin
,,vanessa1335
,,smoghead
,,notandromeda
,,renatadiaz2121
,,noela3
,,franco_umpierrez
,,delfi19
,,ignacioberro
,,augusto118
,,escuela228
,,frankowietcz
,,graciela99
,,septiembreing
,,petegordon
